[
  {
    "id": 1,
    "timestamp": "08/09/2022 08:59:36",
    "nombre": "USB",
    "descripcion": "lorem",
    "codigo": "4444",
    "foto": "URL",
    "precio": "5000",
    "stock": "5"
  },
  {
    "id": 2,
    "timestamp": "08/09/2022 08:40:50",
    "nombre": "Mouse",
    "descripcion": "lorem2222",
    "codigo": "2222",
    "foto": "URL",
    "precio": "SSS",
    "stock": "3"
  },
  {
    "id": 3,
    "timestamp": "08/09/2022 08:45:50",
    "nombre": "Teclado",
    "descripcion": "lorem2222",
    "codigo": "3333",
    "foto": "URL",
    "precio": "SSS",
    "stock": "3"
  },
  {
    "id": 4,
    "timestamp": 1662668032603,
    "nombre": "Teclado",
    "descripcion": "lorem2222",
    "codigo": "3333",
    "foto": "URL",
    "precio": "SSS",
    "stock": "3"
  }
]